137423,208305,208306,338987,354421,492580,628762,687584,701966,701967,796154,796155,810053,831989,831990,896961,902334,909986,909987
A,A,G,A,C,C,C,T,T,A,A,C,A,A,A,A,A,A,T
T,T,T,A,T,T,G,T,A,T,A,G,C,G,T,A,A,T,T
C,A,T,T,A,T,T,T,T,G,T,T,T,G,A,T,T,C,A
A,C,G,C,T,T,G,C,T,A,T,A,A,C,C,A,A,A,A
T,T,A,G,T,T,A,A,A,A,A,A,C,T,A,A,A,A,T
A,A,T,G,T,G,T,T,A,T,C,A,T,T,T,A,T,C,T
G,A,T,T,C,A,A,A,A,T,T,T,C,T,G,G,T,T,A
T,C,A,A,T,G,A,T,T,T,T,A,C,T,T,A,A,C,G
A,T,A,T,C,A,A,A,T,C,T,A,T,A,T,T,T,T,T
A,T,G,A,T,T,A,A,G,T,T,A,C,T,T,G,T,A,A
A,T,G,A,T,T,T,A,T,T,T,A,A,T,T,C,G,T,C
T,A,C,A,T,G,A,A,C,A,G,C,T,C,T,A,T,A,T
C,C,G,T,A,T,G,T,T,T,A,T,A,G,T,A,T,A,A
A,T,T,A,A,T,T,T,A,T,A,T,C,A,A,T,G,T,A
T,G,A,A,T,A,G,T,T,A,A,T,C,C,A,A,T,T,T
T,A,T,T,T,A,A,T,A,A,G,T,G,A,T,T,A,A,G
T,C,T,C,C,T,C,A,T,T,A,T,T,T,C,G,T,T,A
A,T,T,A,T,T,G,T,T,G,A,T,A,G,T,A,C,A,A
A,A,C,T,T,T,T,A,G,T,T,T,T,A,G,A,A,A,C
A,A,T,T,A,A,G,T,T,T,C,T,A,T,T,A,T,T,T
G,A,A,T,T,T,G,T,C,A,A,C,C,A,A,T,C,A,A
A,A,A,T,T,A,G,A,C,A,A,A,A,T,T,A,G,A,T
G,A,T,T,A,T,A,T,T,A,T,T,A,T,T,A,T,G,T
T,T,G,A,T,A,T,A,T,T,T,A,A,A,A,A,A,T,T
T,A,G,A,A,T,C,T,C,A,T,T,A,A,A,T,T,T,A
C,T,A,A,T,T,G,A,T,A,A,T,A,T,A,T,G,A,A
G,A,T,A,C,A,G,A,T,T,T,A,C,T,T,G,A,A,A
C,A,T,T,T,T,T,T,T,G,T,G,A,G,T,A,G,A,A
T,A,A,T,T,A,A,A,T,T,T,A,A,C,T,A,T,A,G
